pair,baseline_group,n,median_DTW,p_raw,p_adj_BH
pair1,A,47,2.5,0.0,0.0
pair1,B,14,11.3438,6.1e-05,7e-05
pair2,A,52,2.3472,0.0,0.0
pair2,B,29,8.1538,0.0,0.0
pair3,A,103,7.8,0.0,0.0
pair3,B,189,25.9999,0.0,0.0
pair4,A,44,0.7223,0.0,0.0
pair4,B,12,1.6886,0.000244,0.000244
